Original_aa	Changed_aa	Weight
A	D	0.635
A	E	0.55
A	P	0.34
A	S	0.23249999999999998
A	T	1.2473333333333334
A	V	0.42
C	F	0.235
D	A	0.81
D	E	0.615
D	G	0.2603333334
D	N	0.35530303036363636
D	V	0.48333333333333334
D	Y	0.18
E	D	0.25816666666666666
E	G	0.08
E	K	1.0941428572
F	L	0.31166666666666665
F	S	0.525
F	V	1.04
F	Y	0.3125
G	D	0.8248611106666667
G	E	0.7965
G	K	0.69
G	R	0.2545833325
G	S	0.200625
G	V	0.0
H	L	0.5
H	N	0.3175
H	Q	2.465
H	T	2.465
I	K	0.322
I	L	1.12
I	M	0.4066666666666667
I	N	0.195
I	S	0.7475
I	T	0.42625
I	V	0.5054166666666666
K	E	1.1800000000000002
K	N	1.0075
K	Q	1.2825
K	R	0.4585
K	T	0.6975
L	F	0.545
L	I	0.7685
L	M	0.915
L	P	0.0
L	Q	0.7240434615
L	W	0.18
M	I	1.17
N	D	0.6032407407777778
N	I	1.39
N	K	0.7588595241
N	S	0.50958333375
N	T	0.31125
N	Y	1.105
P	H	0.26
P	Q	0.0
P	S	0.5244444444999999
P	T	0.3
Q	E	0.82
Q	H	1.20625
Q	K	1.0662500000000001
Q	L	0.47333333
Q	R	0.72
R	G	0.7425
R	H	0.395
R	I	0.8816666666666667
R	K	0.845208332875
R	L	0.86
R	Q	0.5041666666666667
R	S	0.4975
S	A	0.86
S	C	0.385
S	D	0.185
S	F	0.19333333
S	G	0.6939285714285715
S	I	0.751875
S	L	0.28
S	N	0.4523809524285714
S	P	0.6890555555
S	R	0.7895833324999999
S	T	0.06
S	Y	0.6655555556666667
T	A	0.425
T	I	0.3125
T	K	0.5133333333333333
T	N	0.29124999999999995
T	S	0.94
T	Y	1.505
V	A	1.2874999999999999
V	G	0.27
V	I	0.836897435923077
V	L	0.28
V	R	0.54
W	R	2.465
Y	F	0.67
Y	H	1.081111111
Y	S	0.1
