Original_aa	Changed_aa	Weight
A	T	1.24733333333333
D	E	0.615
D	G	0.2603333334
D	N	0.355303030363636
D	V	0.483333333333333
E	D	0.258166666666667
E	G	0.08
E	K	1.0941428572
F	L	0.311666666666667
G	D	0.824861110666667
G	E	0.7965
G	R	0.2545833325
G	S	0.200625
I	M	0.406666666666667
I	T	0.42625
I	V	0.505416666666667
K	E	1.18
K	R	0.4585
L	I	0.7685
N	D	0.603240740777778
N	K	0.7588595241
N	S	0.50958333375
N	T	0.31125
P	S	0.5244444445
Q	H	1.20625
R	G	0.7425
R	I	0.881666666666667
R	K	0.845208332875
R	Q	0.504166666666667
S	G	0.693928571428571
S	I	0.751875
S	N	0.452380952428571
S	P	0.6890555555
S	R	0.7895833325
S	Y	0.665555555666667
T	A	0.425
T	I	0.3125
T	K	0.513333333333333
T	N	0.29125
V	I	0.836897435923077
Y	H	1.081111111
